Trddt,Cdretwdtl
2009-01-05,.033521999
2009-01-06,.030088
2009-01-07,-.0061400002
2009-01-08,-.023496
2009-01-09,.016166
2009-01-12,-.00095000002
2009-01-13,-.021961
2009-01-14,.037028
2009-01-15,-.0030350001
2009-01-16,.016287999
2009-01-19,.013672
2009-01-20,.0049350001
2009-01-21,-.0044860002
2009-01-22,.011035
2009-01-23,-.0068180002
2009-02-02,.012848
2009-02-03,.025232
2009-02-04,.023022
2009-02-05,-.0063749999
2009-02-06,.041618001
2009-02-09,.023317
2009-02-10,.020228
2009-02-11,-.000994
2009-02-12,-.0026070001
2009-02-13,.033921
2009-02-16,.027911
2009-02-17,-.030977
2009-02-18,-.046874002
2009-02-19,.010588
2009-02-20,.018828999
2009-02-23,.022539999
2009-02-24,-.044888999
2009-02-25,.001223
2009-02-26,-.044550002
2009-02-27,-.024351999
2009-03-02,.0085119996
2009-03-03,-.0081350002
2009-03-04,.062371999
2009-03-05,.0094809998
2009-03-06,-.011486
2009-03-09,-.036077
2009-03-10,.019335
2009-03-11,-.0086510004
2009-03-12,-.0015510001
2009-03-13,-.0031950001
2009-03-16,.012248
2009-03-17,.032442998
2009-03-18,.0042170002
2009-03-19,.01946
2009-03-20,.005475
2009-03-23,.021512
2009-03-24,.0058789998
2009-03-25,-.020916
2009-03-26,.029502001
2009-03-27,.005562
2009-03-30,-.0059759999
2009-03-31,.0070469999
2009-04-01,.015838001
2009-04-02,.0075400001
2009-04-03,-.0028959999
2009-04-07,.0080530001
2009-04-08,-.037207
2009-04-09,.014801
2009-04-10,.029619999
2009-04-13,.026838001
2009-04-14,.008219
2009-04-15,.005285
2009-04-16,-.00086199999
2009-04-17,-.012921
2009-04-20,.022485999
2009-04-21,-.0090659996
2009-04-22,-.033390999
2009-04-23,.002474
2009-04-24,-.0061070002
2009-04-27,-.021291001
2009-04-28,-.00040700001
2009-04-29,.027884001
2009-04-30,.0061730002
2009-05-04,.034772001
2009-05-05,.0043210001
2009-05-06,.011852
2009-05-07,.00021699999
2009-05-08,.0094349999
2009-05-11,-.021692
2009-05-12,.020032
2009-05-13,.01608
2009-05-14,-.007125
2009-05-15,.0029470001
2009-05-18,.003947
2009-05-19,.0091519998
2009-05-20,-.0083710002
2009-05-21,-.017041
2009-05-22,-.0047280001
2009-05-25,.0055490001
2009-05-26,-.0076950002
2009-05-27,.014926
2009-06-01,.032811999
2009-06-02,.002471
2009-06-03,.019379999
2009-06-04,-.00095999998
2009-06-05,-.004524
2009-06-08,.0035969999
2009-06-09,.0075249998
2009-06-10,.01096
2009-06-11,-.0073219999
2009-06-12,-.019539
2009-06-15,.016946999
2009-06-16,-.003761
2009-06-17,.013595
2009-06-18,.015211
2009-06-19,.0082879998
2009-06-22,.0038030001
2009-06-23,-.001294
2009-06-24,.012156
2009-06-25,.00088800001
2009-06-26,.0030769999
2009-06-29,.015609
2009-06-30,-.0057919999
2009-07-01,.016973
2009-07-02,.016005
2009-07-03,.010307
2009-07-06,.011723
2009-07-07,-.0095109995
2009-07-08,.00029900001
2009-07-09,.014958
2009-07-10,-.001223
2009-07-13,-.007644
2009-07-14,.021362999
2009-07-15,.012875
2009-07-16,-.001448
2009-07-17,.0030660001
2009-07-20,.023443
2009-07-21,-.017526999
2009-07-22,.024080999
2009-07-23,.0097909998
2009-07-24,.010005
2009-07-27,.018797999
2009-07-28,.0029190001
2009-07-29,-.052374002
2009-07-30,.016311999
2009-07-31,.02802
2009-08-03,.015609
2009-08-04,.003359
2009-08-05,-.010471
2009-08-06,-.020287
2009-08-07,-.030115999
2009-08-10,-.0016280001
2009-08-11,.0055900002
2009-08-12,-.046714
2009-08-13,.0088539999
2009-08-14,-.031350002
2009-08-17,-.060718
2009-08-18,.013936
2009-08-19,-.045109
2009-08-20,.044172
2009-08-21,.018445
2009-08-24,.01289
2009-08-25,-.025448
2009-08-26,.020183001
2009-08-27,-.0052840002
2009-08-28,-.029796001
2009-08-31,-.070165001
2009-09-01,.0036239999
2009-09-02,.011525
2009-09-03,.049812999
2009-09-04,.0072909999
2009-09-07,.0079659997
2009-09-08,.018283
2009-09-09,.0068689999
2009-09-10,-.0079969997
2009-09-11,.021616001
2009-09-14,.015369
2009-09-15,.0035929999
2009-09-16,-.0097589996
2009-09-17,.021086
2009-09-18,-.032776002
2009-09-21,.0032790001
2009-09-22,-.02337
2009-09-23,-.021438001
2009-09-24,.0017650001
2009-09-25,-.0057489998
2009-09-28,-.026993001
2009-09-29,-.0057799998
2009-09-30,.0098860003
2009-10-09,.048896998
2009-10-12,-.0044610002
2009-10-13,.014602
2009-10-14,.010936
2009-10-15,.0035610001
2009-10-16,-.000137
2009-10-19,.023034001
2009-10-20,.015334
2009-10-21,-.0043919999
2009-10-22,-.0047610002
2009-10-23,.017836001
2009-10-26,.00067099999
2009-10-27,-.028612001
2009-10-28,.0051230001
2009-10-29,-.02337
2009-10-30,.011575
2009-11-02,.027303001
2009-11-03,.013294
2009-11-04,.005355
2009-11-05,.0077889999
2009-11-06,.0034080001
2009-11-09,.004226
2009-11-10,.001351
2009-11-11,-.00064400001
2009-11-12,.000619
2009-11-13,.0056210002
2009-11-16,.027876001
2009-11-17,.002481
2009-11-18,.0052
2009-11-19,.0069320002
2009-11-20,-.0014299999
2009-11-23,.010771
2009-11-24,-.036571
2009-11-25,.023782
2009-11-26,-.036545001
2009-11-27,-.026784001
2009-11-30,.035273001
2009-12-01,.015036
2009-12-02,.011339
2009-12-03,.000017
2009-12-04,.0084830001
2009-12-07,.0069570001
2009-12-08,-.0088470001
2009-12-09,-.016636999
2009-12-10,.0052399999
2009-12-11,-.0019499999
2009-12-14,.012965
2009-12-15,-.0073389998
2009-12-16,-.0071700001
2009-12-17,-.024800001
2009-12-18,-.024641
2009-12-21,.0048230002
2009-12-22,-.024989
2009-12-23,.0099419998
2009-12-24,.028285
2009-12-25,-.0024979999
2009-12-28,.015861999
2009-12-29,.006817
2009-12-30,.012901
2009-12-31,.0050360002
2010-01-04,-.0083170002
2010-01-05,.010384
2010-01-06,-.0070110001
2010-01-07,-.019183001
2010-01-08,.0022150001
2010-01-11,.0043850001
2010-01-12,.019374
2010-01-13,-.027752999
2010-01-14,.015637999
2010-01-15,.0036249999
2010-01-18,.0059179999
2010-01-19,.001652
2010-01-20,-.031918
2010-01-21,.0021170001
2010-01-22,-.014372
2010-01-25,-.011248
2010-01-26,-.026348
2010-01-27,-.010254
2010-01-28,.004034
2010-01-29,.00039500001
2010-02-01,-.016213
2010-02-02,-.0030400001
2010-02-03,.022506
2010-02-04,-.001329
2010-02-05,-.019438
2010-02-08,-.00057999999
2010-02-09,.003757
2010-02-10,.012461
2010-02-11,.00093400001
2010-02-12,.01154
2010-02-22,-.0038940001
2010-02-23,-.0054910001
2010-02-24,.016019
2010-02-25,.014138
2010-02-26,-.0025800001
2010-03-01,.011988
2010-03-02,-.0038999999
2010-03-03,.0082959998
2010-03-04,-.026175
2010-03-05,.0029150001
2010-03-08,.0082029998
2010-03-09,.0049729999
2010-03-10,-.0077610002
2010-03-11,.00053999998
2010-03-12,-.01315
2010-03-15,-.011859
2010-03-16,.0056779999
2010-03-17,.020907
2010-03-18,-.00065399997
2010-03-19,.0076469998
2010-03-22,.0028890001
2010-03-23,-.0062190001
2010-03-24,.0023960001
2010-03-25,-.011839
2010-03-26,.012563
2010-03-29,.018979
2010-03-30,.0029500001
2010-03-31,-.0041339998
2010-04-01,.013036
2010-04-02,.0037519999
2010-04-06,.000994
2010-04-07,-.001499
2010-04-08,-.0091779996
2010-04-09,.010264
2010-04-12,-.0029760001
2010-04-13,.0042309999
2010-04-14,.0028270001
2010-04-15,-.0038970001
2010-04-16,-.008932
2010-04-19,-.048168998
2010-04-20,.00069999998
2010-04-21,.02117
2010-04-22,-.0079049999
2010-04-23,-.0061169998
2010-04-26,-.0051529999
2010-04-27,-.022607001
2010-04-28,-.003756
2010-04-29,-.015495
2010-04-30,-.0042869998
2010-05-04,-.011096
2010-05-05,.011997
2010-05-06,-.040256999
2010-05-07,-.020060999
2010-05-10,-.001411
2010-05-11,-.021318
2010-05-12,-.0012460001
2010-05-13,.022399999
2010-05-14,-.0034169999
2010-05-17,-.054035999
2010-05-18,.016417
2010-05-19,-.00072399998
2010-05-20,-.014208
2010-05-21,.015382
2010-05-24,.038291
2010-05-25,-.017329
2010-05-26,.00063600001
2010-05-27,.017015999
2010-05-28,.00061500003
2010-05-31,-.025593
2010-06-01,-.011497
2010-06-02,.0051279999
2010-06-03,-.0063419999
2010-06-04,.0044419998
2010-06-07,-.012126
2010-06-08,.002818
2010-06-09,.027365001
2010-06-10,-.005103
2010-06-11,.001517
2010-06-17,-.007681
2010-06-18,-.024948999
2010-06-21,.029919
2010-06-22,.0025289999
2010-06-23,-.006172
2010-06-24,.00063000002
2010-06-25,-.009393
2010-06-28,-.009567
2010-06-29,-.047795001
2010-06-30,-.012768
2010-07-01,-.011699
2010-07-02,.001256
2010-07-05,-.0067690001
2010-07-06,.021902001
2010-07-07,.0075170002
2010-07-08,-.00238
2010-07-09,.025618
2010-07-12,.0087010004
2010-07-13,-.015772
2010-07-14,.0073970002
2010-07-15,-.019936999
2010-07-16,.0015
2010-07-19,.022074001
2010-07-20,.023057001
2010-07-21,.002074
2010-07-22,.012051
2010-07-23,.0047109998
2010-07-26,.007675
2010-07-27,-.0043060002
2010-07-28,.023158001
2010-07-29,.005448
2010-07-30,-.003389
2010-08-02,.015690999
2010-08-03,-.01732
2010-08-04,.0054540001
2010-08-05,-.0050840001
2010-08-06,.016176
2010-08-09,.0078339996
2010-08-10,-.031036001
2010-08-11,.0063049998
2010-08-12,-.012698
2010-08-13,.014274
2010-08-16,.022419
2010-08-17,.0055249999
2010-08-18,-.00154
2010-08-19,.0069869999
2010-08-20,-.019107999
2010-08-23,.000151
2010-08-24,.0064039999
2010-08-25,-.021346999
2010-08-26,.003978
2010-08-27,.004642
2010-08-30,.019712999
2010-08-31,-.00163
2010-09-01,-.0084020002
2010-09-02,.01448
2010-09-03,.001473
2010-09-06,.010752
2010-09-07,.0026680001
2010-09-08,.001456
2010-09-09,-.01444
2010-09-10,.0038630001
2010-09-13,.011746
2010-09-14,.00041899999
2010-09-15,-.01636
2010-09-16,-.018943001
2010-09-17,-.0010019999
2010-09-20,-.006122
2010-09-21,.00069800002
2010-09-27,.016923999
2010-09-28,-.0065049999
2010-09-29,-.0039570001
2010-09-30,.017625
2010-10-08,.030692
2010-10-11,.020237001
2010-10-12,.010714
2010-10-13,.0071999999
2010-10-14,-.001008
2010-10-15,.024622999
2010-10-18,-.0073549999
2010-10-19,.02012
2010-10-20,.0026370001
2010-10-21,-.003118
2010-10-22,.001221
2010-10-25,.027571
2010-10-26,-.001885
2010-10-27,-.013581
2010-10-28,-.000157
2010-10-29,-.00063700002
2010-11-01,.027016001
2010-11-02,-.0040589999
2010-11-03,-.0092270002
2010-11-04,.019718001
2010-11-05,.013856
2010-11-08,.012814
2010-11-09,-.0046629999
2010-11-10,-.002475
2010-11-11,.0055160001
2010-11-12,-.055635002
2010-11-15,.014375
2010-11-16,-.040863998
2010-11-17,-.025215
2010-11-18,.012605
2010-11-19,.015647
2010-11-22,.0029140001
2010-11-23,-.017697999
2010-11-24,.016208
2010-11-25,.010251
2010-11-26,-.0075249998
2010-11-29,.00026999999
2010-11-30,-.018847
2010-12-01,-.000018999999
2010-12-02,.0065000001
2010-12-03,-.002537
2010-12-06,-.000147
2010-12-07,.0098999999
2010-12-08,-.0076839998
2010-12-09,-.015323
2010-12-10,.011831
2010-12-13,.030144
2010-12-14,.0039590001
2010-12-15,-.0051409998
2010-12-16,-.0026730001
2010-12-17,-.000463
2010-12-20,-.01384
2010-12-21,.016609
2010-12-22,-.0089499997
2010-12-23,-.011127
2010-12-24,-.010767
2010-12-27,-.021244001
2010-12-28,-.018239999
2010-12-29,.009629
2010-12-30,.003453
2010-12-31,.01981
2011-01-04,.016178999
2011-01-05,-.0036460001
2011-01-06,-.0056090001
2011-01-07,.001053
2011-01-10,-.019548999
2011-01-11,.00087300001
2011-01-12,.005632
2011-01-13,.001433
2011-01-14,-.015386
2011-01-17,-.034694999
2011-01-18,.0013229999
2011-01-19,.020204
2011-01-20,-.031298
2011-01-21,.011874
2011-01-24,-.012845
2011-01-25,-.0083309999
2011-01-26,.013235
2011-01-27,.016035
2011-01-28,.0038980001
2011-01-31,.012855
2011-02-01,.0022090001
2011-02-09,-.0093219997
2011-02-10,.020319
2011-02-11,.005804
2011-02-14,.025224
2011-02-15,-.000107
2011-02-16,.011561
2011-02-17,.001676
2011-02-18,-.0099790003
2011-02-21,.014127
2011-02-22,-.027332
2011-02-23,.0046120002
2011-02-24,.005357
2011-02-25,.000187
2011-02-28,.01055
2011-03-01,.0041570002
2011-03-02,-.002715
2011-03-03,-.0078250002
2011-03-04,.013095
2011-03-07,.017255999
2011-03-08,.001847
2011-03-09,.001405
2011-03-10,-.01273
2011-03-11,-.006296
2011-03-14,.003826
2011-03-15,-.014076
2011-03-16,.012061
2011-03-17,-.013852
2011-03-18,.0044229999
2011-03-21,-.001319
2011-03-22,.002198
2011-03-23,.010975
2011-03-24,-.00058300002
2011-03-25,.0098059997
2011-03-28,-.00071599998
2011-03-29,-.012222
2011-03-30,-.003278
2011-03-31,-.0095020002
2011-04-01,.012847
2011-04-06,.0071180002
2011-04-07,.003762
2011-04-08,.0091469996
2011-04-11,-.0043489998
2011-04-12,-.001167
2011-04-13,.010514
2011-04-14,-.002666
2011-04-15,.001503
2011-04-18,.001732
2011-04-19,-.016993999
2011-04-20,.0031300001
2011-04-21,.006732
2011-04-22,-.0057799998
2011-04-25,-.017054001
2011-04-26,-.010531
2011-04-27,-.0068959999
2011-04-28,-.018147999
2011-04-29,.010451
2011-05-03,.0084020002
2011-05-04,-.022836
2011-05-05,.002542
2011-05-06,-.00097499997
2011-05-09,.0041880002
2011-05-10,.0065319999
2011-05-11,-.001282
2011-05-12,-.014229
2011-05-13,.0087900003
2011-05-16,-.0060800002
2011-05-17,.00043099999
2011-05-18,.0070480001
2011-05-19,-.004654
2011-05-20,-.001453
2011-05-23,-.032053001
2011-05-24,-.0015059999
2011-05-25,-.011168
2011-05-26,-.004524
2011-05-27,-.013752
2011-05-30,-.0040099998
2011-05-31,.016519999
2011-06-01,.0042070001
2011-06-02,-.014292
2011-06-03,.011622
2011-06-07,.0067489999
2011-06-08,.002807
2011-06-09,-.018121
2011-06-10,.0021889999
2011-06-13,-.00104
2011-06-14,.012584
2011-06-15,-.007336
2011-06-16,-.016393
2011-06-17,-.0085000005
2011-06-20,-.0085110003
2011-06-21,.011436
2011-06-22,.00069000002
2011-06-23,.017314
2011-06-24,.022854
2011-06-27,.0064900001
2011-06-28,.001183
2011-06-29,-.011133
2011-06-30,.013254
2011-07-01,.001408
2011-07-04,.021162
2011-07-05,.0028230001
2011-07-06,-.000172
2011-07-07,-.003581
2011-07-08,.00076299999
2011-07-11,.0036319999
2011-07-12,-.016499
2011-07-13,.016221
2011-07-14,.0062409998
2011-07-15,.004836
2011-07-18,-.000818
2011-07-19,-.0088860001
2011-07-20,-.000076999997
2011-07-21,-.010542
2011-07-22,.0026469999
2011-07-25,-.032499
2011-07-26,.0052720001
2011-07-27,.010665
2011-07-28,-.0041419999
2011-07-29,-.0046179998
2011-08-01,.002055
2011-08-02,-.007398
2011-08-03,.001205
2011-08-04,.002136
2011-08-05,-.020976
2011-08-08,-.040725
2011-08-09,-.00059399998
2011-08-10,.010884
2011-08-11,.014809
2011-08-12,.006426
2011-08-15,.013672
2011-08-16,-.0072209998
2011-08-17,-.002635
2011-08-18,-.016859001
2011-08-19,-.0094170002
2011-08-22,-.0077269999
2011-08-23,.0164
2011-08-24,-.003235
2011-08-25,.026320999
2011-08-26,.000249
2011-08-29,-.012236
2011-08-30,-.0059770001
2011-08-31,-.00134
2011-09-01,-.0049669999
2011-09-02,-.011047
2011-09-05,-.021629
2011-09-06,-.0059090001
2011-09-07,.020517999
2011-09-08,-.0078689996
2011-09-09,-.002413
2011-09-13,-.012404
2011-09-14,.007003
2011-09-15,.00025899999
2011-09-16,.00096799998
2011-09-19,-.018832
2011-09-20,.0041939998
2011-09-21,.027634
2011-09-22,-.028450999
2011-09-23,-.0058610002
2011-09-26,-.016612999
2011-09-27,.0075229998
2011-09-28,-.011525
2011-09-29,-.015970999
2011-09-30,-.0023380001
2011-10-10,-.0064170002
2011-10-11,-.00049200002
2011-10-12,.033117998
2011-10-13,.0093560005
2011-10-14,-.0034719999
2011-10-17,.0042710002
2011-10-18,-.025703
2011-10-19,-.0039220001
2011-10-20,-.024641
2011-10-21,-.0093870005
2011-10-24,.021679999
2011-10-25,.020135
2011-10-26,.008289
2011-10-27,.0024699999
2011-10-28,.017844001
2011-10-31,.000172
2011-11-01,.00073199999
2011-11-02,.015347
2011-11-03,.0023990001
2011-11-04,.0076069999
2011-11-07,-.0069300001
2011-11-08,-.0048329998
2011-11-09,.010926
2011-11-10,-.016174
2011-11-11,-.000104
2011-11-14,.021486999
2011-11-15,.001484
2011-11-16,-.025664
2011-11-17,-.00066700001
2011-11-18,-.022026001
2011-11-21,-.00040399999
2011-11-22,-.00082399999
2011-11-23,-.0062790001
2011-11-24,.00063899998
2011-11-25,-.0073330002
2011-11-28,.001177
2011-11-29,.013994
2011-11-30,-.035904001
2011-12-01,.022512
2011-12-02,-.013933
2011-12-05,-.017734
2011-12-06,-.001642
2011-12-07,.003082
2011-12-08,-.00037299999
2011-12-09,-.0074140001
2011-12-12,-.011121
2011-12-13,-.022475
2011-12-14,-.011382
2011-12-15,-.022640999
2011-12-16,.022994
2011-12-19,-.001114
2011-12-20,-.0021240001
2011-12-21,-.015305
2011-12-22,-.0047820001
2011-12-23,.0080420002
2011-12-26,-.007766
2011-12-27,-.015804
2011-12-28,-.000359
2011-12-29,.0017209999
2011-12-30,.014251
2012-01-04,-.017866001
2012-01-05,-.017783999
2012-01-06,.0065970002
2012-01-09,.031856999
2012-01-10,.030863
2012-01-11,-.0030779999
2012-01-12,-.0017
2012-01-13,-.020529
2012-01-16,-.023633
2012-01-17,.045662001
2012-01-18,-.01812
2012-01-19,.013078
2012-01-20,.012059
2012-01-30,-.012707
2012-01-31,.0024329999
2012-02-01,-.0095870001
2012-02-02,.019757999
2012-02-03,.0099539999
2012-02-06,.0025569999
2012-02-07,-.017253
2012-02-08,.02606
2012-02-09,.0022809999
2012-02-10,.0023139999
2012-02-13,.0029180001
2012-02-14,-.0021569999
2012-02-15,.011269
2012-02-16,-.0038300001
2012-02-17,-.00065
2012-02-20,.0026730001
2012-02-21,.0089790002
2012-02-22,.013282
2012-02-23,.0034390001
2012-02-24,.013156
2012-02-27,.0031379999
2012-02-28,-.00070199999
2012-02-29,-.010884
2012-03-01,.00056100002
2012-03-02,.016677
2012-03-05,-.0044209999
2012-03-06,-.012931
2012-03-07,-.0060419999
2012-03-08,.011585
2012-03-09,.010722
2012-03-12,-.000203
2012-03-13,.0094579998
2012-03-14,-.031470999
2012-03-15,-.0078760004
2012-03-16,.016419999
2012-03-19,.0050730002
2012-03-20,-.016799999
2012-03-21,.00024199999
2012-03-22,-.0012610001
2012-03-23,-.01326
2012-03-26,.00032399999
2012-03-27,-.0026370001
2012-03-28,-.031442001
2012-03-29,-.015223
2012-03-30,.0020089999
2012-04-05,.021973999
2012-04-06,.0035399999
2012-04-09,-.0097749997
2012-04-10,.0092900004
2012-04-11,.0019650001
2012-04-12,.019064
2012-04-13,.004307
2012-04-16,-.001222
2012-04-17,-.010873
2012-04-18,.020807
2012-04-19,-.001283
2012-04-20,.011222
2012-04-23,-.011337
2012-04-24,-.0027020001
2012-04-25,.0080669997
2012-04-26,-.001174
2012-04-27,-.0034119999
2012-05-02,.017852999
2012-05-03,.0024379999
2012-05-04,.0068870001
2012-05-07,.0032560001
2012-05-08,-.00135
2012-05-09,-.017114
2012-05-10,.001789
2012-05-11,-.0067099999
2012-05-14,-.0055450001
2012-05-15,-.001836
2012-05-16,-.012891
2012-05-17,.014328
2012-05-18,-.01511
2012-05-21,.001437
2012-05-22,.01248
2012-05-23,-.003431
2012-05-24,-.0066260002
2012-05-25,-.0092540001
2012-05-28,.013678
2012-05-29,.013519
2012-05-30,-.001005
2012-05-31,-.002295
2012-06-01,.000161
2012-06-04,-.028077001
2012-06-05,.00044199999
2012-06-06,-.001325
2012-06-07,-.004704
2012-06-08,-.0044459999
2012-06-11,.014128
2012-06-12,-.0057919999
2012-06-13,.016047001
2012-06-14,-.0060700001
2012-06-15,.0035369999
2012-06-18,.0063570002
2012-06-19,-.0067429999
2012-06-20,-.0013070001
2012-06-21,-.014054
2012-06-25,-.019361001
2012-06-26,-.00039299999
2012-06-27,-.001581
2012-06-28,-.0099139996
2012-06-29,.01392
2012-07-02,.004435
2012-07-03,.0023060001
2012-07-04,-.002116
2012-07-05,-.013677
2012-07-06,.014415
2012-07-09,-.023234
2012-07-10,-.005049
2012-07-11,.0064170002
2012-07-12,.0086460002
2012-07-13,-.0018889999
2012-07-16,-.023668
2012-07-17,.0058940002
2012-07-18,.0034950001
2012-07-19,.0080549996
2012-07-20,-.007772
2012-07-23,-.011893
2012-07-24,.0043589999
2012-07-25,-.0051739998
2012-07-26,-.0057649999
2012-07-27,-.000658
2012-07-30,-.011088
2012-07-31,-.006488
2012-08-01,.011161
2012-08-02,-.0064690001
2012-08-03,.01318
2012-08-06,.014316
2012-08-07,.0034650001
2012-08-08,.000264
2012-08-09,.0092350002
2012-08-10,-.002813
2012-08-13,-.017022001
2012-08-14,.0041780001
2012-08-15,-.010147
2012-08-16,-.0047920002
2012-08-17,-.000226
2012-08-20,-.001733
2012-08-21,.008134
2012-08-22,-.005773
2012-08-23,.0033829999
2012-08-24,-.013337
2012-08-27,-.019081
2012-08-28,.0072539998
2012-08-29,-.008506
2012-08-30,-.0043370002
2012-08-31,-.00072800001
2012-09-03,.010518
2012-09-04,-.0081630005
2012-09-05,-.00039299999
2012-09-06,.0080159996
2012-09-07,.037567001
2012-09-10,.005351
2012-09-11,-.0057609999
2012-09-12,.0036230001
2012-09-13,-.0098869996
2012-09-14,.0047399998
2012-09-17,-.023719
2012-09-18,-.0068430002
2012-09-19,.005109
2012-09-20,-.023922
2012-09-21,-.001785
2012-09-24,.0047269999
2012-09-25,-.003305
2012-09-26,-.015819
2012-09-27,.026363
2012-09-28,.01612
2012-10-08,-.0055849999
2012-10-09,.022264
2012-10-10,.0048170001
2012-10-11,-.010627
2012-10-12,-.000043
2012-10-15,-.0043879999
2012-10-16,.00097599998
2012-10-17,.0027630001
2012-10-18,.014272
2012-10-19,-.001545
2012-10-22,.0031419999
2012-10-23,-.01035
2012-10-24,-.00083700003
2012-10-25,-.0078910002
2012-10-26,-.018153001
2012-10-29,-.0028289999
2012-10-30,.001702
2012-10-31,.0036770001
2012-11-01,.017788
2012-11-02,.004983
2012-11-05,-.002567
2012-11-06,-.0046250001
2012-11-07,-.00071699999
2012-11-08,-.018782999
2012-11-09,-.0020699999
2012-11-12,.0049820002
2012-11-13,-.016671
2012-11-14,.0034749999
2012-11-15,-.013403
2012-11-16,-.0075539998
2012-11-19,.001011
2012-11-20,-.0034159999
2012-11-21,.010825
2012-11-22,-.0087590003
2012-11-23,.0049910001
2012-11-26,-.007956
2012-11-27,-.018677
2012-11-28,-.012152
2012-11-29,-.0067079999
2012-11-30,.0098230001
2012-12-03,-.014792
2012-12-04,.0094640004
2012-12-05,.031920001
2012-12-06,-.001655
2012-12-07,.017765
2012-12-10,.012495
2012-12-11,-.005051
2012-12-12,.00272
2012-12-13,-.01089
2012-12-14,.043249998
2012-12-17,.004499
2012-12-18,-.00015000001
2012-12-19,.001932
2012-12-20,.0038139999
2012-12-21,-.004129
2012-12-24,.0041689998
2012-12-25,.025219999
2012-12-26,.006666
2012-12-27,-.0066530001
2012-12-28,.012391
2012-12-31,.014234
2013-01-04,.001059
2013-01-07,.0051569999
2013-01-08,.00047500001
2013-01-09,.00079899997
2013-01-10,.0041209999
2013-01-11,-.018107999
2013-01-14,.032981999
2013-01-15,.0091739995
2013-01-16,-.0058289999
2013-01-17,-.010212
2013-01-18,.0147
2013-01-21,.0054230001
2013-01-22,-.0086759999
2013-01-23,.002135
2013-01-24,-.011891
2013-01-25,-.0040970002
2013-01-28,.024781
2013-01-29,.0065649999
2013-01-30,.0073910002
2013-01-31,-.00132
2013-02-01,.012569
2013-02-04,-.00013499999
2013-02-05,.005223
2013-02-06,.001825
2013-02-07,-.0028599999
2013-02-08,.0089760004
2013-02-18,-.002878
2013-02-19,-.016991001
2013-02-20,.010101
2013-02-21,-.02692
2013-02-22,-.0042980001
2013-02-25,.006263
2013-02-26,-.013854
2013-02-27,.0068089999
2013-02-28,.022578999
2013-03-01,.001902
2013-03-04,-.036663
2013-03-05,.023683
2013-03-06,.011067
2013-03-07,-.010351
2013-03-08,-.0051040002
2013-03-11,-.0022710001
2013-03-12,-.015024
2013-03-13,-.0096009998
2013-03-14,.0031320001
2013-03-15,.0034149999
2013-03-18,-.01532
2013-03-19,.0060680001
2013-03-20,.027210001
2013-03-21,.0050169998
2013-03-22,.002044
2013-03-25,-.00078100001
2013-03-26,-.010844
2013-03-27,.0017190001
2013-03-28,-.028217001
2013-03-29,-.00070099998
2013-04-01,.001392
2013-04-02,-.0064429999
2013-04-03,-.0035969999
2013-04-08,-.002318
2013-04-09,.007154
2013-04-10,-.001442
2013-04-11,-.0030469999
2013-04-12,-.006327
2013-04-15,-.012012
2013-04-16,.0075309998
2013-04-17,.0032599999
2013-04-18,.002349
2013-04-19,.02194
2013-04-22,.001294
2013-04-23,-.026679
2013-04-24,.017997
2013-04-25,-.011562
2013-04-26,-.011869
2013-05-02,.0010169999
2013-05-03,.016409
2013-05-06,.014146
2013-05-07,.00181
2013-05-08,.0068410002
2013-05-09,-.003212
2013-05-10,.0054899999
2013-05-13,-.00046000001
2013-05-14,-.01215
2013-05-15,.0076600001
2013-05-16,.011941
2013-05-17,.01504
2013-05-20,.010125
2013-05-21,.0063049998
2013-05-22,-.003877
2013-05-23,-.0099269999
2013-05-24,.0089980001
2013-05-27,.0041820002
2013-05-28,.0080439998
2013-05-29,.0028830001
2013-05-30,-.0014759999
2013-05-31,-.0074740001
2013-06-03,-.002692
2013-06-04,-.014632
2013-06-05,.0017199999
2013-06-06,-.012304
2013-06-07,-.01446
2013-06-13,-.028577
2013-06-14,.011937
2013-06-17,-.000894
2013-06-18,.003481
2013-06-19,-.005773
2013-06-20,-.030709
2013-06-21,-.0044530001
2013-06-24,-.057257
2013-06-25,-.0019340001
2013-06-26,.0089929998
2013-06-27,-.006209
2013-06-28,.012605
2013-07-01,.013329
2013-07-02,.010092
2013-07-03,-.003335
2013-07-04,.0063129999
2013-07-05,-.001757
2013-07-08,-.028124999
2013-07-09,.003939
2013-07-10,.024811
2013-07-11,.032867
2013-07-12,-.012801
2013-07-15,.014748
2013-07-16,.0059130001
2013-07-17,-.012146
2013-07-18,-.0082830004
2013-07-19,-.018053999
2013-07-22,.011006
2013-07-23,.023215
2013-07-24,-.00058499997
2013-07-25,-.011033
2013-07-26,-.0039769998
2013-07-29,-.01853
2013-07-30,.0036470001
2013-07-31,.0027979999
2013-08-01,.022944
2013-08-02,.001495
2013-08-05,.013035
2013-08-06,.007241
2013-08-07,-.0087299999
2013-08-08,.000978
2013-08-09,.0030769999
2013-08-12,.020576
2013-08-13,.0036609999
2013-08-14,-.0027040001
2013-08-15,-.010071
2013-08-16,-.011812
2013-08-19,.012605
2013-08-20,-.0046890001
2013-08-21,.0020949999
2013-08-22,-.000695
2013-08-23,-.0037179999
2013-08-26,.019432999
2013-08-27,.0046910001
2013-08-28,-.0054449998
2013-08-29,-.001925
2013-08-30,-.0063399998
2013-09-02,.0043299999
2013-09-03,.01365
2013-09-04,.001434
2013-09-05,-.00090799999
2013-09-06,.007249
2013-09-09,.025697
2013-09-10,.0094569996
2013-09-11,-.00257
2013-09-12,.0059449999
2013-09-13,-.0034789999
2013-09-16,-.000072000003
2013-09-17,-.018983999
2013-09-18,.004282
2013-09-23,.017016999
2013-09-24,-.0039869999
2013-09-25,-.0046899999
2013-09-26,-.017719001
2013-09-27,.002636
2013-09-30,.0089490004
2013-10-08,.013456
2013-10-09,.00746
2013-10-10,-.0089050001
2013-10-11,.014678
2013-10-14,.006122
2013-10-15,-.002142
2013-10-16,-.021446001
2013-10-17,-.0013070001
2013-10-18,.004195
2013-10-21,.020058
2013-10-22,-.0098430002
2013-10-23,-.016043
2013-10-24,-.0078579998
2013-10-25,-.016076
2013-10-28,-.00043499999
2013-10-29,-.0081620002
2013-10-30,.015499
2013-10-31,-.010758
2013-11-01,.000978
2013-11-04,.001632
2013-11-05,.0070440001
2013-11-06,-.009199
2013-11-07,-.0076629999
2013-11-08,-.012011
2013-11-11,.003642
2013-11-12,.0087970002
2013-11-13,-.018431
2013-11-14,.009362
2013-11-15,.017808
2013-11-18,.026966
2013-11-19,-.00060299999
2013-11-20,.0063959998
2013-11-21,-.001946
2013-11-22,-.0039300001
2013-11-25,-.0032820001
2013-11-26,-.000054
2013-11-27,.010584
2013-11-28,.0090530002
2013-11-29,.003638
2013-12-02,-.022275001
2013-12-03,.010699
2013-12-04,.012336
2013-12-05,-.0034630001
2013-12-06,-.0036609999
2013-12-09,.0040770001
2013-12-10,-.00032399999
2013-12-11,-.013058
2013-12-12,.0021609999
2013-12-13,-.000589
2013-12-16,-.015146
2013-12-17,-.0054609999
2013-12-18,-.001079
2013-12-19,-.0087320004
2013-12-20,-.018407
2013-12-23,.001049
2013-12-24,.0043950002
2013-12-25,.009962
2013-12-26,-.016836001
2013-12-27,.015383
2013-12-30,-.000075000004
2013-12-31,.0068359999
2014-01-02,.001745
2014-01-03,-.0088360002
2014-01-06,-.021258
2014-01-07,.0027999999
2014-01-08,.002353
2014-01-09,-.010824
2014-01-10,-.010785
2014-01-13,-.0019650001
2014-01-14,.013038
2014-01-15,.001738
2014-01-16,-.00031800001
2014-01-17,-.0096810004
2014-01-20,-.0078600002
2014-01-21,.011325
2014-01-22,.022774
2014-01-23,.00012500001
2014-01-24,.0090730004
2014-01-27,-.0087449998
2014-01-28,.00056399999
2014-01-29,.0065270001
2014-01-30,-.0081200004
2014-02-07,.010079
2014-02-10,.023654001
2014-02-11,.0052299998
2014-02-12,.0065799998
2014-02-13,-.01014
2014-02-14,.012069
2014-02-17,.013802
2014-02-18,-.0062719998
2014-02-19,.0074629998
2014-02-20,-.00728
2014-02-21,-.0089020003
2014-02-24,-.011137
2014-02-25,-.028658999
2014-02-26,.0041939998
2014-02-27,-.0051290002
2014-02-28,.0084039997
2014-03-03,.01264
2014-03-04,-.00229
2014-03-05,-.0066490001
2014-03-06,.0027360001
2014-03-07,-.001728
2014-03-10,-.031810001
2014-03-11,.00070199999
2014-03-12,-.0016439999
2014-03-13,.012644
2014-03-14,-.0061389999
2014-03-17,.014515
2014-03-18,.0017819999
2014-03-19,-.0030410001
2014-03-20,-.019531
2014-03-21,.024619
2014-03-24,.0061869998
2014-03-25,-.00051899999
2014-03-26,.00091499998
2014-03-27,-.0132
2014-03-28,-.01017
2014-03-31,-.0042719999
2014-04-01,.010976
2014-04-02,.0029279999
2014-04-03,-.0046450002
2014-04-04,.0094330003
2014-04-08,.016174
2014-04-09,.0056770002
2014-04-10,.010655
2014-04-11,-.0028260001
2014-04-14,.0025919999
2014-04-15,-.012197
2014-04-16,.000765
2014-04-17,-.001496
2014-04-18,.00080500002
2014-04-21,-.015199
2014-04-22,-.00094300002
2014-04-23,-.002294
2014-04-24,-.0060999999
2014-04-25,-.014168
2014-04-28,-.021886
2014-04-29,.010444
2014-04-30,.004896
2014-05-05,.0040369998
2014-05-06,.002972
2014-05-07,-.011854
2014-05-08,.0010329999
2014-05-09,-.0046020001
2014-05-12,.022476001
2014-05-13,-.001059
2014-05-14,-.00029600001
2014-05-15,-.014205
2014-05-16,-.00070600002
2014-05-19,-.0087259999
2014-05-20,.002666
2014-05-21,.0092799999
2014-05-22,-.00073700002
2014-05-23,.0090140002
2014-05-26,.0069960002
2014-05-27,-.0036190001
2014-05-28,.010486
2014-05-29,-.0077840001
2014-05-30,.00086899998
2014-06-03,-.000018000001
2014-06-04,-.0075070001
2014-06-05,.011592
2014-06-06,-.0045380001
2014-06-09,-.002198
2014-06-10,.012595
2014-06-11,.0026690001
2014-06-12,-.001877
2014-06-13,.010997
2014-06-16,.007704
2014-06-17,-.0095009999
2014-06-18,-.0059329998
2014-06-19,-.020409999
2014-06-20,.007799
2014-06-23,.0038310001
2014-06-24,.0064229998
2014-06-25,-.003642
2014-06-26,.010378
2014-06-27,.003698
2014-06-30,.0075480002
2014-07-01,.0024979999
2014-07-02,.0049930001
2014-07-03,.0061079999
2014-07-04,-.00092299999
2014-07-07,-.00021
2014-07-08,.0044809999
2014-07-09,-.014268
2014-07-10,-.000138
2014-07-11,.0065620001
2014-07-14,.011741
2014-07-15,-.000223
2014-07-16,-.0050670002
2014-07-17,-.0051549999
2014-07-18,.0026060001
2014-07-21,-.0018729999
2014-07-22,.012071
2014-07-23,-.003426
2014-07-24,.007704
2014-07-25,.010528
2014-07-28,.023735
2014-07-29,.0059090001
2014-07-30,.001711
2014-07-31,.0093590003
2014-08-01,-.0088240001
2014-08-04,.016918
2014-08-05,.0019729999
2014-08-06,.0012760001
2014-08-07,-.012312
2014-08-08,.0049990001
2014-08-11,.014838
2014-08-12,.00040300001
2014-08-13,.00028099999
2014-08-14,-.0070839999
2014-08-15,.010515
2014-08-18,.0096829999
2014-08-19,.0032520001
2014-08-20,-.001771
2014-08-21,-.002105
2014-08-22,.0059389998
2014-08-25,-.0064019999
2014-08-26,-.013313
2014-08-27,.002994
2014-08-28,-.0075630001
2014-08-29,.010905
2014-09-01,.012218
2014-09-02,.014283
2014-09-03,.0095760003
2014-09-04,.0083839996
2014-09-05,.0070529999
2014-09-09,.001993
2014-09-10,-.00031800001
2014-09-11,-.0023729999
2014-09-12,.0098320004
2014-09-15,.005417
2014-09-16,-.024723999
2014-09-17,.0059369998
2014-09-18,.0049129999
2014-09-19,.0086989999
2014-09-22,-.015943
2014-09-23,.010881
2014-09-24,.015435
2014-09-25,.00059700001
2014-09-26,.001837
2014-09-29,.0066749998
2014-09-30,.0044160001
2014-10-08,.010977
2014-10-09,.0030410001
2014-10-10,-.0053920001
2014-10-13,-.0024610001
2014-10-14,-.0028009999
2014-10-15,.0056980001
2014-10-16,-.010162
2014-10-17,-.0070099998
2014-10-20,.0098329997
2014-10-21,-.0077490001
2014-10-22,-.0082329996
2014-10-23,-.013086
2014-10-24,.000153
2014-10-27,-.001411
2014-10-28,.023545001
2014-10-29,.014966
2014-10-30,.0047579999
2014-10-31,.00813
2014-11-03,.0060740001
2014-11-04,-.0020880001
2014-11-05,-.003084
2014-11-06,.0055340002
2014-11-07,-.00508
2014-11-10,.018414
2014-11-11,-.013208
2014-11-12,.012796
2014-11-13,-.0082369996
2014-11-14,-.002636
2014-11-17,.002962
2014-11-18,-.0038749999
2014-11-19,.0015210001
2014-11-20,-.00043700001
2014-11-21,.013882
2014-11-24,.017586
2014-11-25,.014732
2014-11-26,.011739
2014-11-27,.0096939998
2014-11-28,.014165
2014-12-01,-.002848
2014-12-02,.026403001
2014-12-03,.0092970002
2014-12-04,.036573999
2014-12-05,.001515
2014-12-08,.022282001
2014-12-09,-.053235002
2014-12-10,.033654999
2014-12-11,.00035799999
2014-12-12,.006821
2014-12-15,.0090290001
2014-12-16,.015996
2014-12-17,.0059170001
2014-12-18,-.0030469999
2014-12-19,.006242
2014-12-22,-.0097930003
2014-12-23,-.026040001
2014-12-24,-.010424
2014-12-25,.028314
2014-12-26,.022837
2014-12-29,-.0031640001
2014-12-30,-.0054339999
2014-12-31,.019484
2015-01-05,.030355001
2015-01-06,.0064909998
2015-01-07,.0039340002
2015-01-08,-.017689001
2015-01-09,-.0032810001
2015-01-12,-.01387
2015-01-13,.0066519999
2015-01-14,-.004317
2015-01-15,.027742
2015-01-16,.012871
2015-01-19,-.065387003
2015-01-20,.025051
2015-01-21,.041299
2015-01-22,.0085270004
2015-01-23,-.002023
2015-01-26,.012976
2015-01-27,-.0054139998
2015-01-28,-.01191
2015-01-29,-.010836
2015-01-30,-.014539
2015-02-02,-.019270999
2015-02-03,.024577999
2015-02-04,-.0072240001
2015-02-05,-.0084950002
2015-02-06,-.020838
2015-02-09,.002513
2015-02-10,.016076
2015-02-11,.0087529998
2015-02-12,.0062270002
2015-02-13,.012605
2015-02-16,.011475
2015-02-17,.0075630001
2015-02-25,-.0065210001
2015-02-26,.018253
2015-02-27,.0063390001
2015-03-02,.013459
2015-03-03,-.018438
2015-03-04,.010275
2015-03-05,-.0048079998
2015-03-06,-.007551
2015-03-09,.017316001
2015-03-10,.001425
2015-03-11,.00027700001
2015-03-12,.010428
2015-03-13,.010111
2015-03-16,.027147001
2015-03-17,.01515
2015-03-18,.022143999
2015-03-19,.0030340001
2015-03-20,.012023
2015-03-23,.023895999
2015-03-24,.0050659999
2015-03-25,-.00056000001
2015-03-26,-.0020069999
2015-03-27,.0065159998
2015-03-30,.02008
2015-03-31,-.0043270001
2015-04-01,.021119
2015-04-02,.010718
2015-04-03,.014606
2015-04-07,.025412999
2015-04-08,.002501
2015-04-09,-.0085709998
2015-04-10,.022918001
2015-04-13,.021338001
2015-04-14,.001071
2015-04-15,-.023437001
2015-04-16,.022733999
2015-04-17,.016659999
2015-04-20,-.018934
2015-04-21,.027719
2015-04-22,.027414
2015-04-23,.0065640002
2015-04-24,-.0031640001
2015-04-27,.023042999
2015-04-28,-.018359
2015-04-29,.0085180001
2015-04-30,-.0025480001
2015-05-04,.008475
2015-05-05,-.037719
2015-05-06,-.012462
2015-05-07,-.022972001
2015-05-08,.032896999
2015-05-11,.039083
2015-05-12,.019642999
2015-05-13,-.000222
2015-05-14,.0019189999
2015-05-15,-.012378
2015-05-18,.0068549998
2015-05-19,.031978
2015-05-20,.01335
2015-05-21,.028148999
2015-05-22,.02272
2015-05-25,.028999001
2015-05-26,.029161001
2015-05-27,.0095920004
2015-05-28,-.066394001
2015-05-29,.005012
2015-06-01,.052474
2015-06-02,.027099
2015-06-03,.0022549999
2015-06-04,.0022499999
2015-06-05,.014312
2015-06-08,.0056269998
2015-06-09,-.0026990001
2015-06-10,.0084199999
2015-06-11,.0089800004
2015-06-12,.011833
2015-06-15,-.022414999
2015-06-16,-.038619999
2015-06-17,.020060999
2015-06-18,-.040034998
2015-06-19,-.067708999
2015-06-23,.02046
2015-06-24,.024541
2015-06-25,-.039306
2015-06-26,-.083636999
2015-06-29,-.049504999
2015-06-30,.060121
2015-07-01,-.056894001
2015-07-02,-.049862001
2015-07-03,-.063548997
2015-07-06,.004954
2015-07-07,-.034446999
2015-07-08,-.067791998
2015-07-09,.078924
2015-07-10,.066443004
2015-07-13,.040084999
2015-07-14,-.0020000001
2015-07-15,-.041758999
2015-07-16,.0096899997
2015-07-17,.048912998
2015-07-20,.014564
2015-07-21,.011641
2015-07-22,.006418
2015-07-23,.029757001
2015-07-24,-.014555
2015-07-27,-.090342
2015-07-28,-.022338999
2015-07-29,.043177001
2015-07-30,-.030083001
2015-07-31,-.011638
2015-08-03,-.020397
2015-08-04,.048002999
2015-08-05,-.016224001
2015-08-06,-.0094069997
2015-08-07,.029761
2015-08-10,.055027999
2015-08-11,.0019
2015-08-12,-.013736
2015-08-13,.022338999
2015-08-14,.0042900001
2015-08-17,.0083499998
2015-08-18,-.072244003
2015-08-19,.018511999
2015-08-20,-.037243001
2015-08-21,-.054474998
2015-08-24,-.094567001
2015-08-25,-.086995997
2015-08-26,-.024121
2015-08-27,.054324999
2015-08-28,.060091998
2015-08-31,-.020251
2015-09-01,-.030336
2015-09-02,-.010631
2015-09-07,-.017499
2015-09-08,.038667001
2015-09-09,.031461
2015-09-10,-.017049
2015-09-11,.003357
2015-09-14,-.049853999
2015-09-15,-.048301999
2015-09-16,.065583996
2015-09-17,-.021880001
2015-09-18,.008746
2015-09-21,.029731
2015-09-22,.00973
2015-09-23,-.018972
2015-09-24,.011716
2015-09-25,-.027186001
2015-09-28,.012927
2015-09-29,-.021039
2015-09-30,.004681
2015-10-08,.039259002
2015-10-09,.015662
2015-10-12,.042264
2015-10-13,.0060979999
2015-10-14,-.01195
2015-10-15,.030291
2015-10-16,.01715
2015-10-19,-.00028099999
2015-10-20,.017123999
2015-10-21,-.048886001
2015-10-22,.027344
2015-10-23,.022306001
2015-10-26,.0065430002
2015-10-27,.0040330002
2015-10-28,-.021784
2015-10-29,.0061070002
2015-10-30,-.00087599998
2015-11-02,-.020794
2015-11-03,-.001786
2015-11-04,.052258998
2015-11-05,.012832
2015-11-06,.025454
2015-11-09,.018603999
2015-11-10,.002654
2015-11-11,.010879
2015-11-12,-.0016740001
2015-11-13,-.020227
2015-11-16,.014278
2015-11-17,-.0045469999
2015-11-18,-.014933
2015-11-19,.022840001
2015-11-20,.0082639996
2015-11-23,-.0069829999
2015-11-24,.0074789999
2015-11-25,.014319
2015-11-26,-.005682
2015-11-27,-.062615998
2015-11-30,.005748
2015-12-01,.00078
2015-12-02,.012435
2015-12-03,.020024
2015-12-04,-.012556
2015-12-07,.0078360001
2015-12-08,-.019925
2015-12-09,-.00109
2015-12-10,-.0035359999
2015-12-11,-.0070949998
2015-12-14,.024527
2015-12-15,.0034620001
2015-12-16,.0042829998
2015-12-17,.023797
2015-12-18,-.001188
2015-12-21,.015257
2015-12-22,.0058960002
2015-12-23,-.0082120001
2015-12-24,-.0046910001
2015-12-25,.005163
2015-12-28,-.025409
2015-12-29,.0096469996
2015-12-30,.0062370002
2015-12-31,-.014154
2016-01-04,-.079631999
2016-01-05,-.010258
2016-01-06,.025994999
2016-01-07,-.080976002
2016-01-08,.016926
2016-01-11,-.063203
2016-01-12,.0031300001
2016-01-13,-.031091001
2016-01-14,.029958
2016-01-15,-.037725002
2016-01-18,.011718
2016-01-19,.036695998
2016-01-20,-.011082
2016-01-21,-.038623001
2016-01-22,.01456
2016-01-25,.0093409996
2016-01-26,-.072795004
2016-01-27,-.0071490002
2016-01-28,-.037852999
2016-01-29,.036726002
2016-02-01,-.015959
2016-02-02,.030316001
2016-02-03,-.000049999999
2016-02-04,.018646
2016-02-05,-.0093409996
2016-02-15,-.0039070002
2016-02-16,.040102001
2016-02-17,.013552
2016-02-18,-.002537
2016-02-19,.001877
2016-02-22,.024296001
2016-02-23,-.0076589999
2016-02-24,.0053059999
2016-02-25,-.074670002
2016-02-26,.0053619999
2016-02-29,-.043666001
2016-03-01,.021663001
2016-03-02,.049229998
2016-03-03,.001585
2016-03-04,-.010691
2016-03-07,.01474
2016-03-08,.0033229999
2016-03-09,-.018472999
2016-03-10,-.019556001
2016-03-11,.000271
2016-03-14,.027555
2016-03-15,-.003207
2016-03-16,-.0033100001
2016-03-17,.024014
2016-03-18,.027868999
2016-03-21,.025872
2016-03-22,-.005318
2016-03-23,.0076560001
2016-03-24,-.01653
2016-03-25,.0061789998
2016-03-28,-.007065
2016-03-29,-.016527999
2016-03-30,.034345999
2016-03-31,.0021019999
2016-04-01,-.001457
2016-04-05,.021384001
2016-04-06,.0021899999
2016-04-07,-.016077001
2016-04-08,-.0086749997
2016-04-11,.019686
2016-04-12,-.006294
2016-04-13,.01533
2016-04-14,.0080530001
2016-04-15,-.001701
2016-04-18,-.014956
2016-04-19,.0032810001
2016-04-20,-.035301998
2016-04-21,-.0098689999
2016-04-22,.006273
2016-04-25,-.0044510001
2016-04-26,.0094980001
2016-04-27,-.0035560001
2016-04-28,-.0021279999
2016-04-29,-.001513
2016-05-03,.025343001
2016-05-04,-.000291
2016-05-05,.0048870002
2016-05-06,-.034313999
2016-05-09,-.033955999
2016-05-10,-.00039100001
2016-05-11,-.001928
2016-05-12,-.00034500001
2016-05-13,-.0032210001
2016-05-16,.013641
2016-05-17,-.001315
2016-05-18,-.020421
2016-05-19,.0026120001
2016-05-20,.0092420001
2016-05-23,.011055
2016-05-24,-.009056
2016-05-25,-.002513
2016-05-26,.003978
2016-05-27,-.00076099997
2016-05-30,-.001822
2016-05-31,.039751001
2016-06-01,.003061
2016-06-02,.0070930002
2016-06-03,.0053739999
2016-06-06,.00074599998
2016-06-07,.001733
2016-06-08,-.0028619999
2016-06-13,-.041756999
2016-06-14,.0034139999
2016-06-15,.024509
2016-06-16,-.0037150001
2016-06-17,.0068999999
2016-06-20,.0031039999
2016-06-21,-.0068780002
2016-06-22,.013732
2016-06-23,-.003762
2016-06-24,-.0099860001
2016-06-27,.020352
2016-06-28,.0093980003
2016-06-29,.004619
2016-06-30,.000045000001
2016-07-01,-.000085
2016-07-04,.018762
2016-07-05,.004739
2016-07-06,.0043259999
2016-07-07,.0013229999
2016-07-08,-.004094
2016-07-11,-.001227
2016-07-12,.01639
2016-07-13,.0069610002
2016-07-14,-.00031800001
2016-07-15,-.001152
2016-07-18,-.0044089998
2016-07-19,.00063099997
2016-07-20,-.001259
2016-07-21,.002659
2016-07-22,-.0092900004
2016-07-25,.00084699999
2016-07-26,.012648
2016-07-27,-.032469999
2016-07-28,-.00028400001
2016-07-29,-.0051950002
2016-08-01,-.012085
2016-08-02,.007001
2016-08-03,.0036490001
2016-08-04,.0045099999
2016-08-05,-.0023990001
2016-08-08,.010284
2016-08-09,.009261
2016-08-10,-.0025839999
2016-08-11,-.0088409996
2016-08-12,.015212
2016-08-15,.026246
2016-08-16,.00051099999
2016-08-17,.001683
2016-08-18,-.00091900001
2016-08-19,.001769
2016-08-22,-.0099320002
2016-08-23,.002472
2016-08-24,.00093600003
2016-08-25,-.0056949998
2016-08-26,.001457
2016-08-29,.000963
2016-08-30,.001331
2016-08-31,.0032220001
2016-09-01,-.0076560001
2016-09-02,-.0010930001
2016-09-05,.003087
2016-09-06,.010603
2016-09-07,-.00053299998
2016-09-08,.0021329999
2016-09-09,-.0065660002
2016-09-12,-.023987999
2016-09-13,.0034070001
2016-09-14,-.0059230002
2016-09-19,.009788
2016-09-20,-.000742
2016-09-21,.002143
2016-09-22,.0062310002
2016-09-23,-.0039019999
2016-09-26,-.020049
2016-09-27,.0070529999
2016-09-28,-.002633
2016-09-29,.0039550001
2016-09-30,.0035959999
2016-10-10,.017689001
2016-10-11,.0059549999
2016-10-12,-.000336
2016-10-13,.0011230001
2016-10-14,.000024000001
2016-10-17,-.0083600003
2016-10-18,.015077
2016-10-19,-.00030499999
2016-10-20,.001664
2016-10-21,-.00036199999
2016-10-24,.011074
2016-10-25,.002539
2016-10-26,-.0046859998
2016-10-27,-.00089099997
2016-10-28,-.0049350001
2016-10-31,-.00089099997
2016-11-01,.0095419995
2016-11-02,-.0064449999
2016-11-03,.00752
2016-11-04,-.001636
2016-11-07,.001489
2016-11-08,.0058960002
2016-11-09,-.0062549999
2016-11-10,.014542
2016-11-11,.0071330001
2016-11-14,.0041439999
2016-11-15,.00178
2016-11-16,-.000103
2016-11-17,-.000673
2016-11-18,-.00361
2016-11-21,.0063160001
2016-11-22,.0099259997
2016-11-23,-.002931
2016-11-24,-.00154
2016-11-25,.005742
2016-11-28,.0023040001
2016-11-29,-.0026680001
2016-11-30,-.0065959999
2016-12-01,.0072289999
2016-12-02,-.01288
2016-12-05,-.010585
2016-12-06,-.000067000001
2016-12-07,.0086059999
2016-12-08,-.0039380002
2016-12-09,.001677
2016-12-12,-.036926001
2016-12-13,.0020860001
2016-12-14,-.0064079999
2016-12-15,-.001104
2016-12-16,.0054870001
2016-12-19,-.002509
2016-12-20,-.0033400001
2016-12-21,.010253
2016-12-22,-4.0000000e-06
2016-12-23,-.010556
2016-12-26,.0040870002
2016-12-27,-.001044
2016-12-28,-.0039929999
2016-12-29,-.0024359999
2016-12-30,.0023759999
2017-01-03,.010258
2017-01-04,.0097850002
2017-01-05,.00053600001
2017-01-06,-.0060200002
2017-01-09,.0047260001
2017-01-10,-.002686
2017-01-11,-.0093109999
2017-01-12,-.0071979999
2017-01-13,-.0082440004
2017-01-16,-.017841
2017-01-17,.006447
2017-01-18,-.0011549999
2017-01-19,-.0039420002
2017-01-20,.011217
2017-01-23,.0066800001
2017-01-24,-6.0000002e-06
2017-01-25,.003452
2017-01-26,.0051290002
2017-02-03,-.0052979998
2017-02-06,.0076879999
2017-02-07,-.000696
2017-02-08,.0063760001
2017-02-09,.0061349999
2017-02-10,.001746
2017-02-13,.0072860001
2017-02-14,.000248
2017-02-15,-.0047920002
2017-02-16,.0058470001
2017-02-17,-.0079300003
2017-02-20,.011326
2017-02-21,.006968
2017-02-22,.003736
2017-02-23,-.001222
2017-02-24,.002472
2017-02-27,-.007088
2017-02-28,.0054649999
2017-03-01,.0027620001
2017-03-02,-.0055209999
2017-03-03,-.0010770001
2017-03-06,.0083849998
2017-03-07,.0030179999
2017-03-08,-.001898
2017-03-09,-.0076120002
2017-03-10,.00027600001
2017-03-13,.008312
2017-03-14,-.000076999997
2017-03-15,.00051599997
2017-03-16,.0095140003
2017-03-17,-.0092559997
2017-03-20,.0040699998
2017-03-21,.0039110002
2017-03-22,-.0041169999
2017-03-23,.001029
2017-03-24,.0058280001
2017-03-27,-.00189
2017-03-28,-.0035079999
2017-03-29,-.005107
2017-03-30,-.014363
2017-03-31,.0040509999
2017-04-05,.017479001
2017-04-06,.0035979999
2017-04-07,.001005
2017-04-10,-.0074550002
2017-04-11,.0068709999
2017-04-12,-.0061550001
2017-04-13,.00242
2017-04-14,-.011801
2017-04-17,-.010855
2017-04-18,-.0074999998
2017-04-19,-.0079199998
2017-04-20,-.000497
2017-04-21,-.001716
2017-04-24,-.019508
2017-04-25,.003459
2017-04-26,.002993
2017-04-27,.0049049999
2017-04-28,.002294
2017-05-02,-.001984
2017-05-03,-.002664
2017-05-04,-.002688
2017-05-05,-.010281
2017-05-08,-.013781
2017-05-09,.0035280001
2017-05-10,-.01158
2017-05-11,.00098200003
2017-05-12,.0048250002
2017-05-15,.0031950001
2017-05-16,.014128
2017-05-17,-.00087599998
2017-05-18,-.0053730002
2017-05-19,-.00038099999
2017-05-22,-.0091610001
2017-05-23,-.012168
2017-05-24,.0029279999
2017-05-25,.012174
2017-05-26,.000157
2017-05-31,.001072
2017-06-01,-.011417
2017-06-02,.0043830001
2017-06-05,.00053800002
2017-06-06,.00477
2017-06-07,.017767999
2017-06-08,.002716
2017-06-09,.0028210001
2017-06-12,-.0085450001
2017-06-13,.0085460003
2017-06-14,-.005411
2017-06-15,.0046569998
2017-06-16,-.001928
2017-06-19,.0069109998
2017-06-20,-.000193
2017-06-21,.0052459999
2017-06-22,-.007309
2017-06-23,.0041709999
2017-06-26,.011607
2017-06-27,.00168
2017-06-28,-.0068709999
2017-06-29,.0053650001
2017-06-30,.00245
2017-07-03,.002541
2017-07-04,-.0044109998
2017-07-05,.0089079998
2017-07-06,.001544
2017-07-07,.002383
2017-07-10,-.0029740001
2017-07-11,-.003672
2017-07-12,-.00141
2017-07-13,.0049410001
2017-07-14,.00023600001
2017-07-17,-.027991001
2017-07-18,.0050579999
2017-07-19,.015771
2017-07-20,.0050240001
2017-07-21,-.0016589999
2017-07-24,.0048079998
2017-07-25,-.0026449999
2017-07-26,-.00039500001
2017-07-27,.0059989998
2017-07-28,.001285
2017-07-31,.0064130002
2017-08-01,.0047209999
2017-08-02,-.0042300001
2017-08-03,-.0023010001
2017-08-04,-.0045360001
2017-08-07,.006637
2017-08-08,.002144
2017-08-09,.00033499999
2017-08-10,-.0055379998
2017-08-11,-.017069999
2017-08-14,.014509
2017-08-15,.0045159999
2017-08-16,.001738
2017-08-17,.0068319999
2017-08-18,-.001477
2017-08-21,.006854
2017-08-22,-.0011230001
2017-08-23,-.001795
2017-08-24,-.0055269999
2017-08-25,.016100001
2017-08-28,.012058
2017-08-29,-.000394
2017-08-30,.00138
2017-08-31,.00098699995
2017-09-01,.003824
2017-09-04,.0050980002
2017-09-05,.001798
2017-09-06,.001914
2017-09-07,-.00501
2017-09-08,.00066999998
2017-09-11,.00563
2017-09-12,-.000558
2017-09-13,.002909
2017-09-14,-.002477
2017-09-15,-.0041140001
2017-09-18,.005045
2017-09-19,-.002575
2017-09-20,.0056400001
2017-09-21,-.0051099998
2017-09-22,-.002359
2017-09-25,-.007311
2017-09-26,.00059000001
2017-09-27,.0038139999
2017-09-28,-.001884
2017-09-29,.0048509999
2017-10-09,.010394
2017-10-10,.0051500001
2017-10-11,.000244
2017-10-12,-.000933
2017-10-13,.0038350001
2017-10-16,-.0087010004
2017-10-17,-.00052300002
2017-10-18,.000064
2017-10-19,-.0055479999
2017-10-20,.0051389998
2017-10-23,.003239
2017-10-24,.00089199998
2017-10-25,.0051210001
2017-10-26,.0031270001
2017-10-27,.00036100001
2017-10-30,-.012144
2017-10-31,.003641
2017-11-01,.00078900001
2017-11-02,-.005041
2017-11-03,-.0050459998
2017-11-06,.0081740003
2017-11-07,.007582
2017-11-08,.000696
2017-11-09,.0055760001
2017-11-10,.003306
2017-11-13,.0040799999
2017-11-14,-.007187
2017-11-15,-.0089530004
2017-11-16,.00050000002
2017-11-17,-.014949
2017-11-20,.0057569998
2017-11-21,.0067230002
2017-11-22,.0025800001
2017-11-23,-.026304999
2017-11-24,-9.9999997e-06
2017-11-27,-.012452
2017-11-28,.0078959996
2017-11-29,.00090500002
2017-11-30,-.0075420002
2017-12-01,.003482
2017-12-04,-.0047149998
2017-12-05,-.0092240004
2017-12-06,.001166
2017-12-07,-.006629
2017-12-08,.00875
2017-12-11,.01249
2017-12-12,-.011888
2017-12-13,.0075630001
2017-12-14,-.002075
2017-12-15,-.0079690004
2017-12-18,-.0023439999
2017-12-19,.0092989998
2017-12-20,-.0046999999
2017-12-21,.0056159999
2017-12-22,-.001147
2017-12-25,-.0069459998
2017-12-26,.0068720002
2017-12-27,-.008409
2017-12-28,.0057580001
2017-12-29,.0047860001
2018-01-02,.012201
2018-01-03,.0071749999
2018-01-04,.0046069999
2018-01-05,.001293
2018-01-08,.0042300001
2018-01-09,.002202
2018-01-10,.000057000001
2018-01-11,.0023429999
2018-01-12,-.00025700001
2018-01-15,-.011008
2018-01-16,.0078189997
2018-01-17,.00021499999
2018-01-18,.0060390001
2018-01-19,.001898
2018-01-22,.0074809999
2018-01-23,.0097390004
2018-01-24,.0046069999
2018-01-25,-.003578
2018-01-26,.001176
2018-01-29,-.012629
2018-01-30,-.0083999997
2018-01-31,-.0082860002
2018-02-01,-.018669
2018-02-02,.0029450001
2018-02-05,.001312
2018-02-06,-.040017001
2018-02-07,-.014522
2018-02-08,-.0044570002
2018-02-09,-.039721999
2018-02-12,.0164
2018-02-13,.007677
2018-02-14,.0047670002
2018-02-22,.021805
2018-02-23,.0047800001
2018-02-26,.017377
2018-02-27,-.0085460003
2018-02-28,-.004865
2018-03-01,.0080610001
2018-03-02,-.0064119999
2018-03-05,.002624
2018-03-06,.011438
2018-03-07,-.0067139999
2018-03-08,.0075900001
2018-03-09,.010352
2018-03-12,.0090859998
2018-03-13,-.006234
2018-03-14,-.0073540001
2018-03-15,-.001035
2018-03-16,-.0066260002
2018-03-19,.002964
2018-03-20,.0031610001
2018-03-21,-.0049879998
2018-03-22,-.0054049999
2018-03-23,-.040364001
2018-03-26,.001994
2018-03-27,.016091
2018-03-28,-.012772
2018-03-29,.011857
2018-03-30,.0073000002
2018-04-02,-.00036100001
2018-04-03,-.0084990002
2018-04-04,-.0034990001
2018-04-09,.00152
2018-04-10,.012489
2018-04-11,.0057839998
2018-04-12,-.0078309998
2018-04-13,-.0054339999
2018-04-16,-.011636
2018-04-17,-.018363999
2018-04-18,.0097629996
2018-04-19,.0078520002
2018-04-20,-.01777
2018-04-23,-.0041029998
2018-04-24,.022288
2018-04-25,-.000887
2018-04-26,-.017742001
2018-04-27,.0029249999
2018-05-02,-.00049800001
2018-05-03,.0084539996
2018-05-04,-.002787
2018-05-07,.017262001
2018-05-08,.0083520003
2018-05-09,-.00073600002
2018-05-10,.0053900001
2018-05-11,-.0064960001
2018-05-14,.00178
2018-05-15,.0076139998
2018-05-16,-.0059870002
2018-05-17,-.0049530002
2018-05-18,.0092569999
2018-05-21,.0087400004
2018-05-22,.001866
2018-05-23,-.013311
2018-05-24,-.0044920002
2018-05-25,-.0054680002
2018-05-28,-.002055
2018-05-29,-.0073500001
2018-05-30,-.027721001
2018-05-31,.018902
2018-06-01,-.0091169998
2018-06-04,.0036589999
2018-06-05,.012701
2018-06-06,.000596
2018-06-07,-.0034409999
2018-06-08,-.01192
2018-06-11,-.0045969998
2018-06-12,.010881
2018-06-13,-.011799
2018-06-14,-.0041339998
2018-06-15,-.011168
2018-06-19,-.048269
2018-06-20,.0067929998
2018-06-21,-.017240001
2018-06-22,.0087310001
2018-06-25,-.0089199999
2018-06-26,-.00056700001
2018-06-27,-.012289
2018-06-28,-.010787
2018-06-29,.027845001
2018-07-02,-.022449
2018-07-03,.0060339998
2018-07-04,-.014423
2018-07-05,-.014808
2018-07-06,.0053500002
2018-07-09,.026494
2018-07-10,.0061150002
2018-07-11,-.019129001
2018-07-12,.025638999
2018-07-13,.0028570001
2018-07-16,-.0036830001
2018-07-17,-.00348
2018-07-18,-.005378
2018-07-19,-.0065100002
2018-07-20,.01753
2018-07-23,.0089560002
2018-07-24,.016348001
2018-07-25,-.00061799999
2018-07-26,-.0083579998
2018-07-27,-.0043939999
2018-07-30,-.006672
2018-07-31,.001474
2018-08-01,-.018354001
2018-08-02,-.022414001
2018-08-03,-.013256
2018-08-06,-.016617
2018-08-07,.028510001
2018-08-08,-.015507
2018-08-09,.022359001
2018-08-10,.003058
2018-08-13,-.00079100003
2018-08-14,-.00291
2018-08-15,-.021601001
2018-08-16,-.0081700003
2018-08-17,-.015139
2018-08-20,.0094250003
2018-08-21,.013852
2018-08-22,-.0089830002
2018-08-23,.0048790001
2018-08-24,.00044500001
2018-08-27,.021859
2018-08-28,-.00035300001
2018-08-29,-.0041860002
2018-08-30,-.013069
2018-08-31,-.0071330001
2018-09-03,-.001655
2018-09-04,.011595
2018-09-05,-.016886
2018-09-06,-.0056099999
2018-09-07,.0029750001
2018-09-10,-.01502
2018-09-11,-.000344
2018-09-12,-.0032599999
2018-09-13,.010113
2018-09-14,-.0042719999
2018-09-17,-.013149
2018-09-18,.018242
2018-09-19,.012787
2018-09-20,-.0010310001
2018-09-21,.023165001
2018-09-25,-.0059859999
2018-09-26,.008777
2018-09-27,-.008618
2018-09-28,.0099999998
2018-10-08,-.038842998
2018-10-09,.00074500003
2018-10-10,.00058200001
2018-10-11,-.058568999
2018-10-12,.0066499999
2018-10-15,-.014144
2018-10-16,-.012826
2018-10-17,.0072070002
2018-10-18,-.029291
2018-10-19,.026834
2018-10-22,.045552
2018-10-23,-.021991
2018-10-24,.001312
2018-10-25,-.001066
2018-10-26,-.001906
2018-10-29,-.021517999
2018-10-30,.01029
2018-10-31,.014125
2018-11-01,.0045739999
2018-11-02,.030415
2018-11-05,-.002632
2018-11-06,-.002902
2018-11-07,-.0059230002
2018-11-08,-.0032319999
2018-11-09,-.010461
2018-11-12,.017473999
2018-11-13,.012162
2018-11-14,-.00685
2018-11-15,.014245
2018-11-16,.0058340002
2018-11-19,.0080340002
2018-11-20,-.023339
2018-11-21,.003885
2018-11-22,-.0010939999
2018-11-23,-.029012
2018-11-26,-.0025220001
2018-11-27,.001162
2018-11-28,.011932
2018-11-29,-.016976999
2018-11-30,.0086549995
2018-12-03,.028658001
2018-12-04,.0043339999
2018-12-05,-.0055780001
2018-12-06,-.018818
2018-12-07,.00019999999
2018-12-10,-.010193
2018-12-11,.0055769999
2018-12-12,.002544
2018-12-13,.011841
2018-12-14,-.018971
2018-12-17,-.000155
2018-12-18,-.0082170004
2018-12-19,-.011817
2018-12-20,-.002474
2018-12-21,-.0085469997
2018-12-24,.0059449999
2018-12-25,-.0085990001
2018-12-26,-.003236
2018-12-27,-.0084729996
2018-12-28,.003847
2019-01-02,-.010619
2019-01-03,-.0032810001
2019-01-04,.022995999
2019-01-07,.011099
2019-01-08,-.002017
2019-01-09,.0065139998
2019-01-10,-.0032309999
2019-01-11,.0074820002
2019-01-14,-.0072550001
2019-01-15,.014117
2019-01-16,-.000416
2019-01-17,-.006141
2019-01-18,.012689
2019-01-21,.0058749998
2019-01-22,-.011703
2019-01-23,.00096600002
2019-01-24,.0044869999
2019-01-25,.0017040001
2019-01-28,-.002655
2019-01-29,-.0048560002
2019-01-30,-.0092470003
2019-01-31,-.00048399999
2019-02-01,.018557999
2019-02-11,.019515
2019-02-12,.0088160001
2019-02-13,.018584
2019-02-14,.0022460001
2019-02-15,-.011007
2019-02-18,.030842001
2019-02-19,.001055
2019-02-20,.0025549999
2019-02-21,-.0030739999
2019-02-22,.020602001
2019-02-25,.055491999
2019-02-26,-.0059099998
2019-02-27,.000397
2019-02-28,-.001237
2019-03-01,.015807999
2019-03-04,.015583
2019-03-05,.0144
2019-03-06,.015532
2019-03-07,.0028860001
2019-03-08,-.041505001
2019-03-11,.027183
2019-03-12,.01338
2019-03-13,-.015889
2019-03-14,-.016519001
2019-03-15,.011958
2019-03-18,.025767
2019-03-19,-.000309
2019-03-20,-.001007
2019-03-21,.0052049998
2019-03-22,.001394
2019-03-25,-.017625
2019-03-26,-.017782999
2019-03-27,.0089039998
2019-03-28,-.0090490002
2019-03-29,.032984
2019-04-01,.030123999
2019-04-02,.001803
2019-04-03,.010992
2019-04-04,.0076299999
2019-04-08,-.002447
2019-04-09,.001894
2019-04-10,-.00044
2019-04-11,-.018466
2019-04-12,-.00068499998
2019-04-15,-.0053969999
2019-04-16,.022829
2019-04-17,.0046720002
2019-04-18,-.0047030002
2019-04-19,.0076239998
2019-04-22,-.016240001
2019-04-23,-.0082529997
2019-04-24,.0050220001
2019-04-25,-.028206
2019-04-26,-.012494
2019-04-29,-.014272
2019-04-30,.0058909999
2019-05-06,-.063018002
2019-05-07,.010605
2019-05-08,-.0093689999
2019-05-09,-.014086
2019-05-10,.03421
2019-05-13,-.011632
2019-05-14,-.006701
2019-05-15,.021026
2019-05-16,.005355
2019-05-17,-.027945001
2019-05-20,-.005659
2019-05-21,.014604
2019-05-22,-.0050130002
2019-05-23,-.017607
2019-05-24,-.001744
2019-05-27,.018491
2019-05-28,.0059039998
2019-05-29,.001178
2019-05-30,-.0041439999
2019-05-31,-.001137
2019-06-03,-.0050440002
2019-06-04,-.011429
2019-06-05,.000078999998
2019-06-06,-.015168
2019-06-10,.010502
2019-06-11,.031027
2019-06-12,-.0058670002
2019-06-13,.001555
2019-06-14,-.012938
2019-06-17,.00050700002
2019-06-18,.001275
2019-06-19,.012965
2019-06-20,.022257
2019-06-21,.0083569996
2019-06-24,.001006
2019-06-25,-.0090770004
2019-06-26,-.00095399999
2019-06-27,.0087860003
2019-06-28,-.006054
2019-07-01,.027166
2019-07-02,.000558
2019-07-03,-.0089269998
2019-07-04,-.0041080001
2019-07-05,.0040819999
2019-07-08,-.026662
2019-07-09,.000067000001
2019-07-10,-.0042070001
2019-07-11,.00051899999
2019-07-12,.0056019998
2019-07-15,.006447
2019-07-16,-.00087500003
2019-07-17,-.00039
2019-07-18,-.012272
2019-07-19,.0080390004
2019-07-22,-.014502
2019-07-23,.0055530001
2019-07-24,.0098700002
2019-07-25,.0059400001
2019-07-26,.001051
2019-07-29,.000386
2019-07-30,.0044490001
2019-07-31,-.0062190001
2019-08-01,-.006147
2019-08-02,-.013283
2019-08-05,-.014585
2019-08-06,-.017192001
2019-08-07,-.00343
2019-08-08,.0088870004
2019-08-09,-.0095610004
2019-08-12,.015954999
2019-08-13,-.006244
2019-08-14,.0054600001
2019-08-15,.0037710001
2019-08-16,.0038050001
2019-08-19,.024481
2019-08-20,-.00019399999
2019-08-21,-.001146
2019-08-22,.002134
2019-08-23,.0022499999
2019-08-26,-.009815
2019-08-27,.015796
2019-08-28,-.002197
2019-08-29,-.000979
2019-08-30,-.0036279999
2019-09-02,.016539
2019-09-03,.0045719999
2019-09-04,.0080580004
2019-09-05,.0095260004
2019-09-06,.0036830001
2019-09-09,.012708
2019-09-10,-.00103
2019-09-11,-.006234
2019-09-12,.0064309998
2019-09-16,.00094100001
2019-09-17,-.018258
2019-09-18,.0023729999
2019-09-19,.007038
2019-09-20,.0021210001
2019-09-23,-.0094389999
2019-09-24,.003584
2019-09-25,-.012704
2019-09-26,-.016062001
2019-09-27,.0044430001
2019-09-30,-.010289
2019-10-08,.0021889999
2019-10-09,.0050639999
2019-10-10,.010456
2019-10-11,.0063140001
2019-10-14,.012734
2019-10-15,-.007917
2019-10-16,-.0042699999
2019-10-17,-.00029900001
2019-10-18,-.012301
2019-10-21,-.00051099999
2019-10-22,.007121
2019-10-23,-.0050619999
2019-10-24,-.00084400002
2019-10-25,.0065939999
2019-10-28,.011703
2019-10-29,-.0092599997
2019-10-30,-.0067810002
2019-10-31,-.0056480002
2019-11-01,.011043
2019-11-04,.0059819999
2019-11-05,.0050499998
2019-11-06,-.0062020002
2019-11-07,.002905
2019-11-08,-.0035059999
2019-11-11,-.020388
2019-11-12,.001586
2019-11-13,-.001579
2019-11-14,.0035039999
2019-11-15,-.0083889998
2019-11-18,.0063550002
2019-11-19,.01275
2019-11-20,-.0075500002
2019-11-21,-.002665
2019-11-22,-.0098080002
2019-11-25,.002269
2019-11-26,.001508
2019-11-27,-.001625
2019-11-28,-.0036009999
2019-11-29,-.0046259998
2019-12-02,.001573
2019-12-03,.0037789999
2019-12-04,-.000351
2019-12-05,.0090709999
2019-12-06,.0059130001
2019-12-09,.00115
2019-12-10,.002907
2019-12-11,-.00055300002
2019-12-12,-.0024850001
2019-12-13,.016264999
2019-12-16,.0098249996
2019-12-17,.013154
2019-12-18,-.00048300001
2019-12-19,.00061599998
2019-12-20,-.0053719999
2019-12-23,-.016319999
2019-12-24,.0098609999
2019-12-25,.001786
2019-12-26,.0080209998
2019-12-27,-.0033130001
2019-12-30,.010439
2019-12-31,.0042739999
